danceability,energy,key,loudness,mode,speechiness,acousticness,instrumentalness,liveness,valence,tempo,type,id,uri,track_href,analysis_url,duration_ms,time_signature,track_name,artist_name
0.356,0.324,7,-8.699,0,0.0289,0.704,0.0025,0.204,0.438,88.861,audio_features,09g9OlH3RDjbffMAnvBPgw,spotify:track:09g9OlH3RDjbffMAnvBPgw,https://api.spotify.com/v1/tracks/09g9OlH3RDjbffMAnvBPgw,https://api.spotify.com/v1/audio-analysis/09g9OlH3RDjbffMAnvBPgw,166133,4,Summertime,Charlie Parker
0.555,0.0255,2,-31.733,1,0.0599,0.986,0.906,0.0616,0.131,120.281,audio_features,4FsUPnXoCN6VSgkU6wXAwz,spotify:track:4FsUPnXoCN6VSgkU6wXAwz,https://api.spotify.com/v1/tracks/4FsUPnXoCN6VSgkU6wXAwz,https://api.spotify.com/v1/audio-analysis/4FsUPnXoCN6VSgkU6wXAwz,237000,4,"Orchestral Suite No. 3 in D Major, BWV 1068: II. Air (On a G String)",Stephan-König-Trio
0.698,0.278,5,-15.425,1,0.0508,0.572,0.0233,0.105,0.77,81.079,audio_features,0488kXJ1YnLMrrM1ssJnev,spotify:track:0488kXJ1YnLMrrM1ssJnev,https://api.spotify.com/v1/tracks/0488kXJ1YnLMrrM1ssJnev,https://api.spotify.com/v1/audio-analysis/0488kXJ1YnLMrrM1ssJnev,385467,4,Monk's Dream - Take 8,Thelonious Monk
0.421,0.0162,2,-25.358,0,0.0388,0.808,0.0024,0.0978,0.154,110.479,audio_features,0aWMVrwxPNYkKmFthzmpRi,spotify:track:0aWMVrwxPNYkKmFthzmpRi,https://api.spotify.com/v1/tracks/0aWMVrwxPNYkKmFthzmpRi,https://api.spotify.com/v1/audio-analysis/0aWMVrwxPNYkKmFthzmpRi,337733,4,Blue in Green (feat. John Coltrane & Bill Evans),Miles Davis
0.458,0.0133,1,-26.265,1,0.04,0.994,0.944,0.106,0.161,59.529,audio_features,5WlGbaNBwa8cClh21SVhXp,spotify:track:5WlGbaNBwa8cClh21SVhXp,https://api.spotify.com/v1/tracks/5WlGbaNBwa8cClh21SVhXp,https://api.spotify.com/v1/audio-analysis/5WlGbaNBwa8cClh21SVhXp,159600,4,This Is The Time,Aimee Fleur
0.598,0.0979,3,-19.917,1,0.034,0.903,0.859,0.132,0.25,101.52,audio_features,4mFe5Dps693mNeAvnyT09T,spotify:track:4mFe5Dps693mNeAvnyT09T,https://api.spotify.com/v1/tracks/4mFe5Dps693mNeAvnyT09T,https://api.spotify.com/v1/audio-analysis/4mFe5Dps693mNeAvnyT09T,235548,4,You Go To My Head,Paul Moretti Trio
0.418,0.342,8,-17.185,1,0.0368,0.703,0.889,0.107,0.422,143.612,audio_features,28c3mdtZCEXpdIQ85pWolU,spotify:track:28c3mdtZCEXpdIQ85pWolU,https://api.spotify.com/v1/tracks/28c3mdtZCEXpdIQ85pWolU,https://api.spotify.com/v1/audio-analysis/28c3mdtZCEXpdIQ85pWolU,364360,4,Blessed Feet,Tord Gustavsen Trio
0.33,0.0685,5,-16.607,0,0.0366,0.991,0.546,0.0858,0.181,77.309,audio_features,6Q8m3ux9ww9OMXlK7OrFkL,spotify:track:6Q8m3ux9ww9OMXlK7OrFkL,https://api.spotify.com/v1/tracks/6Q8m3ux9ww9OMXlK7OrFkL,https://api.spotify.com/v1/audio-analysis/6Q8m3ux9ww9OMXlK7OrFkL,217880,4,The Windmills of Your Mind,Paolo Fresu
0.321,0.109,5,-21.097,0,0.0365,0.93,0.888,0.124,0.162,70.392,audio_features,1w0IXRQFCFcz2z07pdNH4s,spotify:track:1w0IXRQFCFcz2z07pdNH4s,https://api.spotify.com/v1/tracks/1w0IXRQFCFcz2z07pdNH4s,https://api.spotify.com/v1/audio-analysis/1w0IXRQFCFcz2z07pdNH4s,357973,4,Raindrops,Emil Brandqvist
0.303,0.0141,10,-19.759,0,0.0418,0.948,0.0944,0.0792,0.157,171.439,audio_features,1hVRTl4yhWmGW7ImZoO22e,spotify:track:1hVRTl4yhWmGW7ImZoO22e,https://api.spotify.com/v1/tracks/1hVRTl4yhWmGW7ImZoO22e,https://api.spotify.com/v1/audio-analysis/1hVRTl4yhWmGW7ImZoO22e,258266,3,Naima,John Coltrane
0.566,0.0703,3,-21.919,1,0.0452,0.992,0.912,0.11,0.0785,122.274,audio_features,392OK8Qdmos0wNDrduiwy0,spotify:track:392OK8Qdmos0wNDrduiwy0,https://api.spotify.com/v1/tracks/392OK8Qdmos0wNDrduiwy0,https://api.spotify.com/v1/audio-analysis/392OK8Qdmos0wNDrduiwy0,291640,4,In Your Own Sweet Way,Wes Montgomery
0.534,0.128,8,-16.076,1,0.0412,0.852,0.163,0.171,0.347,89.782,audio_features,7JrgVgkA0n4AnAPvC2y6wV,spotify:track:7JrgVgkA0n4AnAPvC2y6wV,https://api.spotify.com/v1/tracks/7JrgVgkA0n4AnAPvC2y6wV,https://api.spotify.com/v1/audio-analysis/7JrgVgkA0n4AnAPvC2y6wV,309640,4,When It's Sleepytime Down South,Wynton Marsalis
0.42,0.0802,7,-21.795,1,0.04,0.905,0.857,0.135,0.0541,122.041,audio_features,6yrnPCDXguFp5eZTGmZawc,spotify:track:6yrnPCDXguFp5eZTGmZawc,https://api.spotify.com/v1/tracks/6yrnPCDXguFp5eZTGmZawc,https://api.spotify.com/v1/audio-analysis/6yrnPCDXguFp5eZTGmZawc,257693,3,Gary's Theme - Remastered,Bill Evans
0.583,0.123,10,-18.8,1,0.0675,0.994,0.888,0.0999,0.181,118.864,audio_features,3V0UWSP292tAoj4SeLI5eZ,spotify:track:3V0UWSP292tAoj4SeLI5eZ,https://api.spotify.com/v1/tracks/3V0UWSP292tAoj4SeLI5eZ,https://api.spotify.com/v1/audio-analysis/3V0UWSP292tAoj4SeLI5eZ,179187,4,Beltà poi che t'assenti (Arr. for 2 Pianos),Jenny Lin
0.385,0.573,7,-13.027,0,0.0449,0.669,0.886,0.0932,0.121,100.988,audio_features,2sowiwuhxt4nLIWP6vWJOa,spotify:track:2sowiwuhxt4nLIWP6vWJOa,https://api.spotify.com/v1/tracks/2sowiwuhxt4nLIWP6vWJOa,https://api.spotify.com/v1/audio-analysis/2sowiwuhxt4nLIWP6vWJOa,545013,4,Paranoid Android,Brad Mehldau
0.295,0.148,0,-22.731,0,0.0361,0.994,0.86,0.0889,0.163,68.201,audio_features,12ICG4ARajR8WSmMeGENsM,spotify:track:12ICG4ARajR8WSmMeGENsM,https://api.spotify.com/v1/tracks/12ICG4ARajR8WSmMeGENsM,https://api.spotify.com/v1/audio-analysis/12ICG4ARajR8WSmMeGENsM,93307,3,"Bach, JS : Well-Tempered Clavier Book 1 : Prelude No.2 in C minor BWV847",Daniel Barenboim
0.345,0.00599,7,-34.263,0,0.0429,0.993,0.914,0.0662,0.0627,60.099,audio_features,7JoPNFFUhVG64kRVnKAIQi,spotify:track:7JoPNFFUhVG64kRVnKAIQi,https://api.spotify.com/v1/tracks/7JoPNFFUhVG64kRVnKAIQi,https://api.spotify.com/v1/audio-analysis/7JoPNFFUhVG64kRVnKAIQi,234387,4,"Keyboard Suite No. 1 (Set II) in B-Flat Major, HWV 434: IV. Menuet (arr. W. Kempff for piano)",Wilhelm Kempff
0.551,0.114,3,-24.78,0,0.0451,0.977,0.874,0.141,0.124,70.141,audio_features,78ntGe4xyecZHg9exQWwK6,spotify:track:78ntGe4xyecZHg9exQWwK6,https://api.spotify.com/v1/tracks/78ntGe4xyecZHg9exQWwK6,https://api.spotify.com/v1/audio-analysis/78ntGe4xyecZHg9exQWwK6,146093,4,Blue And Sentimental,Oscar Peterson
0.591,0.125,0,-14.429,1,0.0469,0.917,0.344,0.0956,0.403,83.624,audio_features,50ijZUy4vc2q9Pm12q5F7K,spotify:track:50ijZUy4vc2q9Pm12q5F7K,https://api.spotify.com/v1/tracks/50ijZUy4vc2q9Pm12q5F7K,https://api.spotify.com/v1/audio-analysis/50ijZUy4vc2q9Pm12q5F7K,159773,4,Cocktails For Two,Coleman Hawkins
0.419,0.00173,0,-40.563,1,0.0699,0.995,0.95,0.0611,0.582,111.16,audio_features,4fuooklXL2pC6IlhphGeyy,spotify:track:4fuooklXL2pC6IlhphGeyy,https://api.spotify.com/v1/tracks/4fuooklXL2pC6IlhphGeyy,https://api.spotify.com/v1/audio-analysis/4fuooklXL2pC6IlhphGeyy,117573,4,5 Anniversaries: No. 5. For Susanna Kyle,Leonard Bernstein
0.558,0.236,7,-18.582,0,0.0364,0.531,0.783,0.0868,0.328,139.575,audio_features,7fHGCeqESmD29tImSdDuAp,spotify:track:7fHGCeqESmD29tImSdDuAp,https://api.spotify.com/v1/tracks/7fHGCeqESmD29tImSdDuAp,https://api.spotify.com/v1/audio-analysis/7fHGCeqESmD29tImSdDuAp,327307,4,Bye Bye Blackbird,Ron Carter
0.438,0.0582,9,-25.375,1,0.0449,0.992,0.901,0.0974,0.0399,78.902,audio_features,032qNx2ok6LKHpLtBMDS9m,spotify:track:032qNx2ok6LKHpLtBMDS9m,https://api.spotify.com/v1/tracks/032qNx2ok6LKHpLtBMDS9m,https://api.spotify.com/v1/audio-analysis/032qNx2ok6LKHpLtBMDS9m,182827,4,Big Stuff (Arr. L. Russell),Leonard Bernstein
0.47,0.156,2,-17.036,1,0.0399,0.623,0.187,0.104,0.059,118.176,audio_features,6f6OQJv9qjqyJq9NHin45n,spotify:track:6f6OQJv9qjqyJq9NHin45n,https://api.spotify.com/v1/tracks/6f6OQJv9qjqyJq9NHin45n,https://api.spotify.com/v1/audio-analysis/6f6OQJv9qjqyJq9NHin45n,394920,4,Blue Ballad,Phil Woods
0.388,0.0642,10,-18.114,1,0.0336,0.925,0.0734,0.114,0.0717,66.645,audio_features,3aCuyrcGWCwNarmbp9sjas,spotify:track:3aCuyrcGWCwNarmbp9sjas,https://api.spotify.com/v1/tracks/3aCuyrcGWCwNarmbp9sjas,https://api.spotify.com/v1/audio-analysis/3aCuyrcGWCwNarmbp9sjas,362760,4,You Are So Beautiful,Charles Lloyd
0.382,0.0263,5,-27.365,0,0.0553,0.995,0.93,0.0978,0.188,66.746,audio_features,7u21y9GiZwaBvqtOeNqh3t,spotify:track:7u21y9GiZwaBvqtOeNqh3t,https://api.spotify.com/v1/tracks/7u21y9GiZwaBvqtOeNqh3t,https://api.spotify.com/v1/audio-analysis/7u21y9GiZwaBvqtOeNqh3t,202500,4,September in the Rain,Francesca Marr
0.69,0.0723,3,-22.979,0,0.0594,0.687,0.0393,0.0802,0.423,78.759,audio_features,09Q9uXzWqVRJoRj8xY7dca,spotify:track:09Q9uXzWqVRJoRj8xY7dca,https://api.spotify.com/v1/tracks/09Q9uXzWqVRJoRj8xY7dca,https://api.spotify.com/v1/audio-analysis/09Q9uXzWqVRJoRj8xY7dca,135053,3,Les 4 Saisons Concerto N 2 L'Ete - Adagio,Raymond Fol
0.444,0.0254,0,-27.684,1,0.0471,0.976,0.935,0.117,0.0632,112.969,audio_features,61Wh9vJtPH9gqRTEsgi6cU,spotify:track:61Wh9vJtPH9gqRTEsgi6cU,https://api.spotify.com/v1/tracks/61Wh9vJtPH9gqRTEsgi6cU,https://api.spotify.com/v1/audio-analysis/61Wh9vJtPH9gqRTEsgi6cU,453187,4,Rain,Kenny Barron & Dave Holland
0.308,0.157,2,-15.827,1,0.0369,0.875,0.446,0.109,0.158,77.202,audio_features,0SNreZpgpILt8bvU5zbSDo,spotify:track:0SNreZpgpILt8bvU5zbSDo,https://api.spotify.com/v1/tracks/0SNreZpgpILt8bvU5zbSDo,https://api.spotify.com/v1/audio-analysis/0SNreZpgpILt8bvU5zbSDo,368414,4,Hallelujah,Adam Baldych
0.293,0.322,5,-17.073,0,0.0415,0.77,0.908,0.129,0.102,78.932,audio_features,2u80ys6VOAC2iUVTcWiq4p,spotify:track:2u80ys6VOAC2iUVTcWiq4p,https://api.spotify.com/v1/tracks/2u80ys6VOAC2iUVTcWiq4p,https://api.spotify.com/v1/audio-analysis/2u80ys6VOAC2iUVTcWiq4p,462440,4,Lonely Girl,Avi Avital
0.61,0.397,7,-14.426,1,0.044,0.608,0.844,0.0952,0.449,96.287,audio_features,3te6Se74Nf46h6HZZC8I22,spotify:track:3te6Se74Nf46h6HZZC8I22,https://api.spotify.com/v1/tracks/3te6Se74Nf46h6HZZC8I22,https://api.spotify.com/v1/audio-analysis/3te6Se74Nf46h6HZZC8I22,400800,4,I Could Have Danced All Night,New York Trio
0.374,0.0222,9,-25.868,0,0.0406,0.962,0.929,0.69,0.174,94.957,audio_features,7GoVkeYu4vAUJEB0tajGtN,spotify:track:7GoVkeYu4vAUJEB0tajGtN,https://api.spotify.com/v1/tracks/7GoVkeYu4vAUJEB0tajGtN,https://api.spotify.com/v1/audio-analysis/7GoVkeYu4vAUJEB0tajGtN,714720,3,My Love And I,Charlie Haden
0.247,0.279,5,-8.487,1,0.031,0.9,0.0396,0.0375,0.582,179.829,audio_features,1scMU67ywT0Z6HC007hqhh,spotify:track:1scMU67ywT0Z6HC007hqhh,https://api.spotify.com/v1/tracks/1scMU67ywT0Z6HC007hqhh,https://api.spotify.com/v1/audio-analysis/1scMU67ywT0Z6HC007hqhh,191832,3,Jazz Suite No. 2 - Arr. for Accordion R. Galliano: Waltz No. 2,Richard Galliano
0.602,0.319,4,-16.627,0,0.036,0.902,0.833,0.1,0.191,122.32,audio_features,2u8bbepimxxzs1THM003hD,spotify:track:2u8bbepimxxzs1THM003hD,https://api.spotify.com/v1/tracks/2u8bbepimxxzs1THM003hD,https://api.spotify.com/v1/audio-analysis/2u8bbepimxxzs1THM003hD,267076,4,Tres Notas para Decir Te Quiero,Wolfgang Haffner
0.706,0.18,7,-19.197,1,0.0495,0.981,0.947,0.0952,0.388,107.292,audio_features,2hOd88IAX1JT3EfktlSp4D,spotify:track:2hOd88IAX1JT3EfktlSp4D,https://api.spotify.com/v1/tracks/2hOd88IAX1JT3EfktlSp4D,https://api.spotify.com/v1/audio-analysis/2hOd88IAX1JT3EfktlSp4D,296000,4,"Here, There and Everywhere",George Shearing
0.323,0.0823,4,-23.467,1,0.0425,0.99,0.923,0.115,0.104,78.638,audio_features,73NBBVvSOrguf3k6YHEJVf,spotify:track:73NBBVvSOrguf3k6YHEJVf,https://api.spotify.com/v1/tracks/73NBBVvSOrguf3k6YHEJVf,https://api.spotify.com/v1/audio-analysis/73NBBVvSOrguf3k6YHEJVf,541600,4,Every Day (I Thank You),Jason Vieaux
0.452,0.0433,0,-17.331,1,0.0542,0.984,0.0116,0.123,0.393,179.853,audio_features,1uxLuBGyj2tUQrwFftZQaT,spotify:track:1uxLuBGyj2tUQrwFftZQaT,https://api.spotify.com/v1/tracks/1uxLuBGyj2tUQrwFftZQaT,https://api.spotify.com/v1/audio-analysis/1uxLuBGyj2tUQrwFftZQaT,276000,3,Clarinet Blues,Bobby Gordon
0.162,0.0592,4,-17.727,0,0.039,0.989,0.889,0.115,0.162,69.602,audio_features,5gxf1X2kA4H0fF2gvMSKjb,spotify:track:5gxf1X2kA4H0fF2gvMSKjb,https://api.spotify.com/v1/tracks/5gxf1X2kA4H0fF2gvMSKjb,https://api.spotify.com/v1/audio-analysis/5gxf1X2kA4H0fF2gvMSKjb,348000,4,Orbit,Eric Vloeimans
0.513,0.238,0,-18.894,0,0.0461,0.676,0.926,0.104,0.717,101.672,audio_features,1mtepkkm9JsUngXRNi7Y9u,spotify:track:1mtepkkm9JsUngXRNi7Y9u,https://api.spotify.com/v1/tracks/1mtepkkm9JsUngXRNi7Y9u,https://api.spotify.com/v1/audio-analysis/1mtepkkm9JsUngXRNi7Y9u,352787,4,"Fourth Movement, Allegro Assai, Exposition & Transition",Mark Kramer Trio
0.53,0.322,7,-13.687,0,0.0468,0.472,0.906,0.0673,0.387,178.334,audio_features,51WozCH6KrpMsf6MSsftkD,spotify:track:51WozCH6KrpMsf6MSsftkD,https://api.spotify.com/v1/tracks/51WozCH6KrpMsf6MSsftkD,https://api.spotify.com/v1/audio-analysis/51WozCH6KrpMsf6MSsftkD,445133,4,Seeker,Hiromi
0.481,0.0104,7,-31.641,0,0.0473,0.995,0.917,0.0659,0.0748,66.946,audio_features,50squRjCzTuFjYxsMz1rc7,spotify:track:50squRjCzTuFjYxsMz1rc7,https://api.spotify.com/v1/tracks/50squRjCzTuFjYxsMz1rc7,https://api.spotify.com/v1/audio-analysis/50squRjCzTuFjYxsMz1rc7,217080,4,"Keyboard Suite No. 1 (Set II) in B-Flat Major, HWV 434 (arr. W. Kempff for piano): 7 Keyboard Suites, Set II, No. 1: IV. Menuet (arr. W. Kempff)",Wilhelm Kempff
0.395,0.459,7,-11.292,0,0.0333,0.718,0.859,0.121,0.37,92.913,audio_features,4BMo0yRvYzdTvCKGiCMQ4U,spotify:track:4BMo0yRvYzdTvCKGiCMQ4U,https://api.spotify.com/v1/tracks/4BMo0yRvYzdTvCKGiCMQ4U,https://api.spotify.com/v1/audio-analysis/4BMo0yRvYzdTvCKGiCMQ4U,377040,3,Not In Our Name,Charlie Haden
0.593,0.23,8,-20.112,1,0.0661,0.995,0.901,0.102,0.249,131.455,audio_features,2Bl7sr1Nuc92CmSz1xg9mQ,spotify:track:2Bl7sr1Nuc92CmSz1xg9mQ,https://api.spotify.com/v1/tracks/2Bl7sr1Nuc92CmSz1xg9mQ,https://api.spotify.com/v1/audio-analysis/2Bl7sr1Nuc92CmSz1xg9mQ,237867,3,Prélude in C Minor,Bengt Hallberg
0.634,0.0325,10,-20.179,1,0.0433,0.993,0.0232,0.066,0.398,125.293,audio_features,15lAsZ1d3faSVntwdhIuUC,spotify:track:15lAsZ1d3faSVntwdhIuUC,https://api.spotify.com/v1/tracks/15lAsZ1d3faSVntwdhIuUC,https://api.spotify.com/v1/audio-analysis/15lAsZ1d3faSVntwdhIuUC,209189,4,Autumn Leaves,Ry Starky
0.439,0.0554,3,-15.183,1,0.0349,0.984,0.00382,0.111,0.178,101.015,audio_features,4oU07qd2sv9NxW61Op66Jh,spotify:track:4oU07qd2sv9NxW61Op66Jh,https://api.spotify.com/v1/tracks/4oU07qd2sv9NxW61Op66Jh,https://api.spotify.com/v1/audio-analysis/4oU07qd2sv9NxW61Op66Jh,261415,4,The Silence of Your Heart,Paolo Fresu
0.494,0.262,0,-11.169,1,0.0562,0.822,0.966,0.132,0.814,184.943,audio_features,0fGTaZYl8Tj1aswPU2amMo,spotify:track:0fGTaZYl8Tj1aswPU2amMo,https://api.spotify.com/v1/tracks/0fGTaZYl8Tj1aswPU2amMo,https://api.spotify.com/v1/audio-analysis/0fGTaZYl8Tj1aswPU2amMo,178160,4,Wild Cat Blues,Chris Barber's Jazz Band
0.478,0.0838,10,-20.753,0,0.0425,0.9,0.912,0.106,0.338,130.635,audio_features,0RUF4tal7e8ugHLGL2wdI0,spotify:track:0RUF4tal7e8ugHLGL2wdI0,https://api.spotify.com/v1/tracks/0RUF4tal7e8ugHLGL2wdI0,https://api.spotify.com/v1/audio-analysis/0RUF4tal7e8ugHLGL2wdI0,337987,4,Ravensburg,Mathias Eick
0.49,0.0824,0,-15.69,0,0.0384,0.99,0.892,0.0799,0.353,99.275,audio_features,2ZIBtvdLJjC0KJYkuZTasv,spotify:track:2ZIBtvdLJjC0KJYkuZTasv,https://api.spotify.com/v1/tracks/2ZIBtvdLJjC0KJYkuZTasv,https://api.spotify.com/v1/audio-analysis/2ZIBtvdLJjC0KJYkuZTasv,342364,3,Neige,Airelle Besson
0.523,0.186,5,-14.25,0,0.0425,0.959,0.636,0.0961,0.376,114.887,audio_features,5PExCVG0iW5oiWpzHZjxMq,spotify:track:5PExCVG0iW5oiWpzHZjxMq,https://api.spotify.com/v1/tracks/5PExCVG0iW5oiWpzHZjxMq,https://api.spotify.com/v1/audio-analysis/5PExCVG0iW5oiWpzHZjxMq,212878,4,It´s Easy To Remember,Geeder
0.519,0.151,5,-20.193,0,0.0412,0.977,0.952,0.0972,0.342,141.725,audio_features,01Y1rFJpmKXucS9yNdwin0,spotify:track:01Y1rFJpmKXucS9yNdwin0,https://api.spotify.com/v1/tracks/01Y1rFJpmKXucS9yNdwin0,https://api.spotify.com/v1/audio-analysis/01Y1rFJpmKXucS9yNdwin0,190598,4,"Softly, as in a Morning Sunrise",Sal Ritter
0.564,0.247,0,-12.381,1,0.0452,0.959,0.0694,0.109,0.211,119.258,audio_features,7xOTO27JomMqWgzaeyD7WQ,spotify:track:7xOTO27JomMqWgzaeyD7WQ,https://api.spotify.com/v1/tracks/7xOTO27JomMqWgzaeyD7WQ,https://api.spotify.com/v1/audio-analysis/7xOTO27JomMqWgzaeyD7WQ,223644,4,In The Wee Small Hours Of The Mornin,Geeder
0.649,0.297,3,-14.452,1,0.0296,0.914,0.678,0.196,0.364,131.94,audio_features,0xwx7ezy29UaYUfauZiFSF,spotify:track:0xwx7ezy29UaYUfauZiFSF,https://api.spotify.com/v1/tracks/0xwx7ezy29UaYUfauZiFSF,https://api.spotify.com/v1/audio-analysis/0xwx7ezy29UaYUfauZiFSF,182749,4,Let There Be Love,Zander Jazz Trio
0.327,0.132,7,-21.502,1,0.0419,0.965,0.89,0.11,0.0665,85.395,audio_features,7jkBFtRrtzVaWxD9akzRsH,spotify:track:7jkBFtRrtzVaWxD9akzRsH,https://api.spotify.com/v1/tracks/7jkBFtRrtzVaWxD9akzRsH,https://api.spotify.com/v1/audio-analysis/7jkBFtRrtzVaWxD9akzRsH,226516,3,Very Early,Charlie Regan Three
0.678,0.161,10,-16.567,1,0.0486,0.977,0.907,0.117,0.19,71.035,audio_features,3euZzIZUGZSDbSsDOnb79f,spotify:track:3euZzIZUGZSDbSsDOnb79f,https://api.spotify.com/v1/tracks/3euZzIZUGZSDbSsDOnb79f,https://api.spotify.com/v1/audio-analysis/3euZzIZUGZSDbSsDOnb79f,200347,4,Tiny Tiny Steps,Oakwood Station
0.475,0.123,5,-19.717,1,0.0372,0.939,0.878,0.114,0.254,85.435,audio_features,4oOkC6iNHVNtJJWHD8fqiL,spotify:track:4oOkC6iNHVNtJJWHD8fqiL,https://api.spotify.com/v1/tracks/4oOkC6iNHVNtJJWHD8fqiL,https://api.spotify.com/v1/audio-analysis/4oOkC6iNHVNtJJWHD8fqiL,186871,4,Simple Things,Loft Trio
0.425,0.191,3,-13.919,1,0.0474,0.967,0.633,0.275,0.347,67.716,audio_features,4MNtFvNn7MXXyiZjBgyuFo,spotify:track:4MNtFvNn7MXXyiZjBgyuFo,https://api.spotify.com/v1/tracks/4MNtFvNn7MXXyiZjBgyuFo,https://api.spotify.com/v1/audio-analysis/4MNtFvNn7MXXyiZjBgyuFo,222176,4,Till There Was You,Carla Anderson
0.424,0.103,3,-18.281,1,0.0417,0.937,0.861,0.114,0.135,104.45,audio_features,7wAFHu3ueBLEebC5NEOk9z,spotify:track:7wAFHu3ueBLEebC5NEOk9z,https://api.spotify.com/v1/tracks/7wAFHu3ueBLEebC5NEOk9z,https://api.spotify.com/v1/audio-analysis/7wAFHu3ueBLEebC5NEOk9z,289945,4,When I Fall In Love,Meadow Park
0.431,0.138,2,-17.408,0,0.0432,0.965,0.894,0.109,0.159,115.064,audio_features,6wcsA3k0UzI0aFdwigs79C,spotify:track:6wcsA3k0UzI0aFdwigs79C,https://api.spotify.com/v1/tracks/6wcsA3k0UzI0aFdwigs79C,https://api.spotify.com/v1/audio-analysis/6wcsA3k0UzI0aFdwigs79C,338132,4,The End Of A Love Affair,Cedar Wright
0.348,0.168,3,-19.254,0,0.0353,0.985,0.917,0.0854,0.149,82.508,audio_features,3eDOviMyR6gSoN2AeONg7Q,spotify:track:3eDOviMyR6gSoN2AeONg7Q,https://api.spotify.com/v1/tracks/3eDOviMyR6gSoN2AeONg7Q,https://api.spotify.com/v1/audio-analysis/3eDOviMyR6gSoN2AeONg7Q,320859,3,Late Lament,Tim Franks Trio
0.45,0.0767,2,-22.482,0,0.0378,0.869,0.747,0.0853,0.167,100.427,audio_features,27j2QBudHBt7AYWjCpcnEa,spotify:track:27j2QBudHBt7AYWjCpcnEa,https://api.spotify.com/v1/tracks/27j2QBudHBt7AYWjCpcnEa,https://api.spotify.com/v1/audio-analysis/27j2QBudHBt7AYWjCpcnEa,168616,4,the point above,Brandon's Three
0.41,0.106,1,-23.86,1,0.034,0.959,0.862,0.115,0.148,136.604,audio_features,3fiPnFQRoGCHnHijZs21br,spotify:track:3fiPnFQRoGCHnHijZs21br,https://api.spotify.com/v1/tracks/3fiPnFQRoGCHnHijZs21br,https://api.spotify.com/v1/audio-analysis/3fiPnFQRoGCHnHijZs21br,286827,4,I'll Only Miss Her,David Hazeltine
0.547,0.0608,2,-19.962,1,0.0317,0.883,0.552,0.0952,0.132,105.068,audio_features,65zFbHuyUdai6WFwtPAkix,spotify:track:65zFbHuyUdai6WFwtPAkix,https://api.spotify.com/v1/tracks/65zFbHuyUdai6WFwtPAkix,https://api.spotify.com/v1/audio-analysis/65zFbHuyUdai6WFwtPAkix,168190,4,Abisko,Norberg
0.475,0.105,9,-18.046,0,0.0351,0.962,0.695,0.115,0.0563,54.727,audio_features,05IRllaVkCLy5Iyz3JUXNC,spotify:track:05IRllaVkCLy5Iyz3JUXNC,https://api.spotify.com/v1/tracks/05IRllaVkCLy5Iyz3JUXNC,https://api.spotify.com/v1/audio-analysis/05IRllaVkCLy5Iyz3JUXNC,186665,4,Caerulea,Bladverk Band
0.335,0.0256,1,-27.863,1,0.0374,0.936,0.567,0.209,0.0459,86.791,audio_features,4wSCWNhOJnE6YobSMysBXa,spotify:track:4wSCWNhOJnE6YobSMysBXa,https://api.spotify.com/v1/tracks/4wSCWNhOJnE6YobSMysBXa,https://api.spotify.com/v1/audio-analysis/4wSCWNhOJnE6YobSMysBXa,491626,4,Where Stories Are,Enrico Pieranunzi
0.591,0.384,7,-12.646,0,0.044,0.169,0.603,0.0698,0.315,81.757,audio_features,22O3mkv6sEe3jpXRWXYFhY,spotify:track:22O3mkv6sEe3jpXRWXYFhY,https://api.spotify.com/v1/tracks/22O3mkv6sEe3jpXRWXYFhY,https://api.spotify.com/v1/audio-analysis/22O3mkv6sEe3jpXRWXYFhY,437133,4,Hearts Of Longing,Urban Knights
0.676,0.124,2,-16.939,1,0.0651,0.842,0.421,0.126,0.221,70.309,audio_features,5EV1wV9ZvK2PsSAwnJSNgb,spotify:track:5EV1wV9ZvK2PsSAwnJSNgb,https://api.spotify.com/v1/tracks/5EV1wV9ZvK2PsSAwnJSNgb,https://api.spotify.com/v1/audio-analysis/5EV1wV9ZvK2PsSAwnJSNgb,241227,4,"Gee Baby, Ain't I Good To You",Sonny Clark
0.698,0.0926,2,-20.716,0,0.05,0.861,0.49,0.0887,0.0961,81.187,audio_features,2Ob1A4itFyJWUa6fpwqAOs,spotify:track:2Ob1A4itFyJWUa6fpwqAOs,https://api.spotify.com/v1/tracks/2Ob1A4itFyJWUa6fpwqAOs,https://api.spotify.com/v1/audio-analysis/2Ob1A4itFyJWUa6fpwqAOs,253840,4,Have You Met Miss Jones?,Oscar Peterson Trio
0.395,0.121,9,-23.427,1,0.0327,0.935,0.397,0.697,0.139,114.521,audio_features,6yKkA8HzwWTZ5taIMaG4Nm,spotify:track:6yKkA8HzwWTZ5taIMaG4Nm,https://api.spotify.com/v1/tracks/6yKkA8HzwWTZ5taIMaG4Nm,https://api.spotify.com/v1/audio-analysis/6yKkA8HzwWTZ5taIMaG4Nm,297320,4,My Foolish Heart,Bill Evans Trio
0.571,0.349,0,-10.584,0,0.042,0.525,0.00273,0.14,0.62,118.673,audio_features,7lApnj6eswDJvT8mqGrut6,spotify:track:7lApnj6eswDJvT8mqGrut6,https://api.spotify.com/v1/tracks/7lApnj6eswDJvT8mqGrut6,https://api.spotify.com/v1/audio-analysis/7lApnj6eswDJvT8mqGrut6,291840,3,Alone Together,Sonny Stitt
0.27,0.688,0,-16.305,1,0.0547,0.973,0.884,0.669,0.219,75.845,audio_features,4FMI4Ln1LhyxGldkNXan5e,spotify:track:4FMI4Ln1LhyxGldkNXan5e,https://api.spotify.com/v1/tracks/4FMI4Ln1LhyxGldkNXan5e,https://api.spotify.com/v1/audio-analysis/4FMI4Ln1LhyxGldkNXan5e,416840,4,"Köln, January 24, 1975, Pt. II C - Live",Keith Jarrett
0.437,0.571,5,-10.685,0,0.0307,0.59,0.929,0.112,0.367,115.778,audio_features,2clRgnOCJYG4f6sTs41ZEz,spotify:track:2clRgnOCJYG4f6sTs41ZEz,https://api.spotify.com/v1/tracks/2clRgnOCJYG4f6sTs41ZEz,https://api.spotify.com/v1/audio-analysis/2clRgnOCJYG4f6sTs41ZEz,375585,3,Now!,Adrien Chicot
0.528,0.413,10,-12.526,0,0.0456,0.675,0.821,0.703,0.614,128.35,audio_features,1DHcxyidfJwyZEaI9XQe7C,spotify:track:1DHcxyidfJwyZEaI9XQe7C,https://api.spotify.com/v1/tracks/1DHcxyidfJwyZEaI9XQe7C,https://api.spotify.com/v1/audio-analysis/1DHcxyidfJwyZEaI9XQe7C,465400,4,Who’s Got It - Live at Montmartre 2020,Bévort 3
0.451,0.492,0,-12.379,1,0.0305,0.415,0.864,0.11,0.582,96.206,audio_features,03e5qKtVL9lUEzQzua1J3a,spotify:track:03e5qKtVL9lUEzQzua1J3a,https://api.spotify.com/v1/tracks/03e5qKtVL9lUEzQzua1J3a,https://api.spotify.com/v1/audio-analysis/03e5qKtVL9lUEzQzua1J3a,400107,4,Glauco,Edu Ribeiro
0.545,0.312,9,-15.989,0,0.0298,0.842,0.91,0.117,0.179,132.351,audio_features,4D0qwQiBn86Ylr20h3DNFx,spotify:track:4D0qwQiBn86Ylr20h3DNFx,https://api.spotify.com/v1/tracks/4D0qwQiBn86Ylr20h3DNFx,https://api.spotify.com/v1/audio-analysis/4D0qwQiBn86Ylr20h3DNFx,182250,4,Seclusion,Red Gazelle Trio
0.526,0.0872,7,-20.09,1,0.0434,0.984,0.951,0.109,0.0917,92.349,audio_features,2i6UvEb8X7i2oQTVHah3pV,spotify:track:2i6UvEb8X7i2oQTVHah3pV,https://api.spotify.com/v1/tracks/2i6UvEb8X7i2oQTVHah3pV,https://api.spotify.com/v1/audio-analysis/2i6UvEb8X7i2oQTVHah3pV,207125,4,Very Early,Bleecker Jazz Duo
0.691,0.179,7,-15.682,1,0.0373,0.842,0.931,0.0943,0.222,108.573,audio_features,6zeTz2j5A9G6gEKi34ks05,spotify:track:6zeTz2j5A9G6gEKi34ks05,https://api.spotify.com/v1/tracks/6zeTz2j5A9G6gEKi34ks05,https://api.spotify.com/v1/audio-analysis/6zeTz2j5A9G6gEKi34ks05,205872,4,On a Clear Day (You Can See Forever),James Jackson Jazz Trio
0.391,0.0455,10,-30.177,0,0.047,0.939,0.693,0.695,0.0984,59.565,audio_features,6Izsb5iitILqdW45DTzmbu,spotify:track:6Izsb5iitILqdW45DTzmbu,https://api.spotify.com/v1/tracks/6Izsb5iitILqdW45DTzmbu,https://api.spotify.com/v1/audio-analysis/6Izsb5iitILqdW45DTzmbu,422933,4,Never Let Me Go,Keith Jarrett Trio
0.501,0.135,5,-15.075,1,0.0348,0.957,0.417,0.106,0.235,111.813,audio_features,3U1ar1FODMXKLBlF2yxSMl,spotify:track:3U1ar1FODMXKLBlF2yxSMl,https://api.spotify.com/v1/tracks/3U1ar1FODMXKLBlF2yxSMl,https://api.spotify.com/v1/audio-analysis/3U1ar1FODMXKLBlF2yxSMl,296246,4,Skylark,Geeder
0.803,0.278,10,-13.015,0,0.141,0.706,0.87,0.112,0.515,92.023,audio_features,5QXvre4KBjK3eIIGLxxRU6,spotify:track:5QXvre4KBjK3eIIGLxxRU6,https://api.spotify.com/v1/tracks/5QXvre4KBjK3eIIGLxxRU6,https://api.spotify.com/v1/audio-analysis/5QXvre4KBjK3eIIGLxxRU6,131500,4,Aurora,Pachakuti
0.635,0.315,8,-13.359,1,0.0281,0.9,0.803,0.326,0.149,131.806,audio_features,6iCsFk2zf1INRexhJQzRM0,spotify:track:6iCsFk2zf1INRexhJQzRM0,https://api.spotify.com/v1/tracks/6iCsFk2zf1INRexhJQzRM0,https://api.spotify.com/v1/audio-analysis/6iCsFk2zf1INRexhJQzRM0,252333,4,I Remember You,Ronny Jordan
0.638,0.489,6,-10.288,1,0.0391,0.892,0.919,0.203,0.476,82.01,audio_features,1xLU1zCbjo9HAoutmWsHlK,spotify:track:1xLU1zCbjo9HAoutmWsHlK,https://api.spotify.com/v1/tracks/1xLU1zCbjo9HAoutmWsHlK,https://api.spotify.com/v1/audio-analysis/1xLU1zCbjo9HAoutmWsHlK,314575,4,Exhale,Cindy Bradley
0.649,0.68,0,-7.929,1,0.0759,0.497,0.102,0.0877,0.671,77.958,audio_features,0Of0fM7dwXt3xQfQ0GKVpu,spotify:track:0Of0fM7dwXt3xQfQ0GKVpu,https://api.spotify.com/v1/tracks/0Of0fM7dwXt3xQfQ0GKVpu,https://api.spotify.com/v1/audio-analysis/0Of0fM7dwXt3xQfQ0GKVpu,271550,4,Black Dynamite,Julian Vaughn
0.419,0.0284,0,-24.09,1,0.0357,0.987,0.586,0.105,0.121,71.502,audio_features,3Gcpi1CwKoQtc8B3H2ZOIX,spotify:track:3Gcpi1CwKoQtc8B3H2ZOIX,https://api.spotify.com/v1/tracks/3Gcpi1CwKoQtc8B3H2ZOIX,https://api.spotify.com/v1/audio-analysis/3Gcpi1CwKoQtc8B3H2ZOIX,216360,4,Someone To Watch Over Me,Lee Konitz
0.45,0.0288,7,-17.388,1,0.0467,0.994,0.895,0.118,0.358,130.838,audio_features,5eFFsShr8vchESCk8HGxvn,spotify:track:5eFFsShr8vchESCk8HGxvn,https://api.spotify.com/v1/tracks/5eFFsShr8vchESCk8HGxvn,https://api.spotify.com/v1/audio-analysis/5eFFsShr8vchESCk8HGxvn,274333,4,"Goodbye, Old Girl",Art Farmer
0.386,0.075,5,-14.124,0,0.0348,0.985,0.904,0.0869,0.23,96.76,audio_features,2FnTwpi1PdHLjgHv4XQEFn,spotify:track:2FnTwpi1PdHLjgHv4XQEFn,https://api.spotify.com/v1/tracks/2FnTwpi1PdHLjgHv4XQEFn,https://api.spotify.com/v1/audio-analysis/2FnTwpi1PdHLjgHv4XQEFn,372787,4,I'm A Fool To Want You - 2006 Digital Remaster,Donald Byrd
0.42,0.116,0,-18.078,1,0.0419,0.943,0.0801,0.124,0.142,120.071,audio_features,0zDUzk5CwhgMctfuIP4eez,spotify:track:0zDUzk5CwhgMctfuIP4eez,https://api.spotify.com/v1/tracks/0zDUzk5CwhgMctfuIP4eez,https://api.spotify.com/v1/audio-analysis/0zDUzk5CwhgMctfuIP4eez,279013,4,Don't Love Me,Coleman Hawkins Quartet
0.531,0.128,2,-18.705,0,0.0424,0.946,0.801,0.0954,0.0672,110.854,audio_features,32pQP3XD7rIYraHKMVq9pu,spotify:track:32pQP3XD7rIYraHKMVq9pu,https://api.spotify.com/v1/tracks/32pQP3XD7rIYraHKMVq9pu,https://api.spotify.com/v1/audio-analysis/32pQP3XD7rIYraHKMVq9pu,635267,4,Stormy Weather,Red Garland Trio
0.422,0.0793,3,-23.268,1,0.0487,0.958,0.878,0.713,0.119,139.312,audio_features,6Pt0wJ4tViQRRcZBKHx3qx,spotify:track:6Pt0wJ4tViQRRcZBKHx3qx,https://api.spotify.com/v1/tracks/6Pt0wJ4tViQRRcZBKHx3qx,https://api.spotify.com/v1/audio-analysis/6Pt0wJ4tViQRRcZBKHx3qx,590667,1,The Folks Who Live on the Hill - Live,Brad Mehldau
0.487,0.228,10,-9.211,1,0.0438,0.954,0.000408,0.0737,0.197,61.598,audio_features,37MsN9jkHraBoRU0rbl64A,spotify:track:37MsN9jkHraBoRU0rbl64A,https://api.spotify.com/v1/tracks/37MsN9jkHraBoRU0rbl64A,https://api.spotify.com/v1/audio-analysis/37MsN9jkHraBoRU0rbl64A,409840,4,(It Will Have To Do) Until The Real Thing Comes Along - Remastered,Dexter Gordon
0.48,0.0663,7,-19.529,1,0.045,0.945,0.92,0.124,0.0772,96.096,audio_features,70BXRAXtYxQdNQnkq6aljf,spotify:track:70BXRAXtYxQdNQnkq6aljf,https://api.spotify.com/v1/tracks/70BXRAXtYxQdNQnkq6aljf,https://api.spotify.com/v1/audio-analysis/70BXRAXtYxQdNQnkq6aljf,203671,4,Turn Out the Stars,Tyrone Coates & Friends
0.479,0.115,4,-20.306,0,0.0343,0.936,0.756,0.152,0.115,116.047,audio_features,5gvPQHCaeoHCG7pKse1VqO,spotify:track:5gvPQHCaeoHCG7pKse1VqO,https://api.spotify.com/v1/tracks/5gvPQHCaeoHCG7pKse1VqO,https://api.spotify.com/v1/audio-analysis/5gvPQHCaeoHCG7pKse1VqO,310450,4,The ballad of sad young men,The Collective
0.45,0.0533,3,-19.282,1,0.0357,0.973,0.829,0.181,0.098,104.326,audio_features,5l0TSFftfKMk7FF84EO7FO,spotify:track:5l0TSFftfKMk7FF84EO7FO,https://api.spotify.com/v1/tracks/5l0TSFftfKMk7FF84EO7FO,https://api.spotify.com/v1/audio-analysis/5l0TSFftfKMk7FF84EO7FO,295253,4,What Is There To Say?,Bill Evans
0.488,0.153,5,-17.966,1,0.033,0.918,0.384,0.141,0.155,143.907,audio_features,09YX8Z46RPayTuUF2Gmtiw,spotify:track:09YX8Z46RPayTuUF2Gmtiw,https://api.spotify.com/v1/tracks/09YX8Z46RPayTuUF2Gmtiw,https://api.spotify.com/v1/audio-analysis/09YX8Z46RPayTuUF2Gmtiw,206465,4,Lost and Found,Reese Quartet
0.548,0.302,5,-14.129,0,0.0375,0.92,0.473,0.162,0.161,117.119,audio_features,70HkX7bVUQaKxUFb0QpkzU,spotify:track:70HkX7bVUQaKxUFb0QpkzU,https://api.spotify.com/v1/tracks/70HkX7bVUQaKxUFb0QpkzU,https://api.spotify.com/v1/audio-analysis/70HkX7bVUQaKxUFb0QpkzU,215335,4,Gloria's Step,Stephen Hall-Jones
0.553,0.0456,10,-22.265,1,0.0353,0.971,0.844,0.119,0.202,102.737,audio_features,5skJZRiUtObQ6tR130S5O1,spotify:track:5skJZRiUtObQ6tR130S5O1,https://api.spotify.com/v1/tracks/5skJZRiUtObQ6tR130S5O1,https://api.spotify.com/v1/audio-analysis/5skJZRiUtObQ6tR130S5O1,161752,4,Everything Happens To Me,LaSalle Street Trio
0.442,0.118,10,-16.707,1,0.0343,0.973,0.38,0.143,0.412,97.771,audio_features,18hwNCTbIso4xsWBUo0XlT,spotify:track:18hwNCTbIso4xsWBUo0XlT,https://api.spotify.com/v1/tracks/18hwNCTbIso4xsWBUo0XlT,https://api.spotify.com/v1/audio-analysis/18hwNCTbIso4xsWBUo0XlT,358360,4,Deep In A Dream,Hank Mobley
0.415,0.0611,5,-16.875,1,0.0391,0.957,0.179,0.154,0.115,93.465,audio_features,1PMdnh8JihyvccTeC16XwB,spotify:track:1PMdnh8JihyvccTeC16XwB,https://api.spotify.com/v1/tracks/1PMdnh8JihyvccTeC16XwB,https://api.spotify.com/v1/audio-analysis/1PMdnh8JihyvccTeC16XwB,383627,3,Midnight Mood,Michael Brecker
0.375,0.162,3,-17.787,1,0.0437,0.943,0.897,0.178,0.153,178.721,audio_features,1D7BVIjNGLW0dBlD5NEmev,spotify:track:1D7BVIjNGLW0dBlD5NEmev,https://api.spotify.com/v1/tracks/1D7BVIjNGLW0dBlD5NEmev,https://api.spotify.com/v1/audio-analysis/1D7BVIjNGLW0dBlD5NEmev,324250,3,Everything To Me,CMC 3
0.707,0.437,4,-14.63,0,0.0447,0.2,0.838,0.0337,0.715,151.481,audio_features,2hcMx8eNF3f2gi5B1oY6Eo,spotify:track:2hcMx8eNF3f2gi5B1oY6Eo,https://api.spotify.com/v1/tracks/2hcMx8eNF3f2gi5B1oY6Eo,https://api.spotify.com/v1/audio-analysis/2hcMx8eNF3f2gi5B1oY6Eo,308133,4,Treasure Hunt,Dan Siegel
0.558,0.543,4,-9.36,1,0.0366,0.56,0.83,0.104,0.601,168.049,audio_features,4EWxGABVBAMcchzJPToJQz,spotify:track:4EWxGABVBAMcchzJPToJQz,https://api.spotify.com/v1/tracks/4EWxGABVBAMcchzJPToJQz,https://api.spotify.com/v1/audio-analysis/4EWxGABVBAMcchzJPToJQz,276333,4,Groovin' In Philly,Gail Jhonson
0.559,0.272,0,-13.999,1,0.0562,0.76,0.0809,0.0848,0.497,111.738,audio_features,21yAA8fIZEYrfITyQqcL3U,spotify:track:21yAA8fIZEYrfITyQqcL3U,https://api.spotify.com/v1/tracks/21yAA8fIZEYrfITyQqcL3U,https://api.spotify.com/v1/audio-analysis/21yAA8fIZEYrfITyQqcL3U,398920,4,Hoe Down,Stephen Riley
0.583,0.461,5,-9.58,0,0.0482,0.668,0.17,0.162,0.516,131.878,audio_features,7Kwi4xmgY4qQwOhBe0zsbh,spotify:track:7Kwi4xmgY4qQwOhBe0zsbh,https://api.spotify.com/v1/tracks/7Kwi4xmgY4qQwOhBe0zsbh,https://api.spotify.com/v1/audio-analysis/7Kwi4xmgY4qQwOhBe0zsbh,545347,4,Blues Inn - Remastered,Jackie McLean
0.513,0.242,8,-17.455,1,0.0388,0.824,0.879,0.083,0.216,117.618,audio_features,6RQBoUXjtB1YmUjtPb9WbA,spotify:track:6RQBoUXjtB1YmUjtPb9WbA,https://api.spotify.com/v1/tracks/6RQBoUXjtB1YmUjtPb9WbA,https://api.spotify.com/v1/audio-analysis/6RQBoUXjtB1YmUjtPb9WbA,405480,4,The Duke,Bill Charlap Trio
0.32,0.11,4,-21.339,1,0.047,0.926,0.817,0.0995,0.169,61.852,audio_features,2OQiiPnoC7h2v3UprQa3zP,spotify:track:2OQiiPnoC7h2v3UprQa3zP,https://api.spotify.com/v1/tracks/2OQiiPnoC7h2v3UprQa3zP,https://api.spotify.com/v1/audio-analysis/2OQiiPnoC7h2v3UprQa3zP,312453,4,I'll Know,Bill Charlap Trio
0.436,0.0726,1,-24.535,0,0.054,0.699,0.601,0.0993,0.0853,179.48,audio_features,6lpUeTYRtxreTFCUkUHYxr,spotify:track:6lpUeTYRtxreTFCUkUHYxr,https://api.spotify.com/v1/tracks/6lpUeTYRtxreTFCUkUHYxr,https://api.spotify.com/v1/audio-analysis/6lpUeTYRtxreTFCUkUHYxr,320373,3,Street Of Dreams,Bill Charlap Trio
0.453,0.5,9,-11.109,0,0.0346,0.255,4.78e-05,0.0829,0.371,112.652,audio_features,3mveZ5nEgrccXuBmk0VKmJ,spotify:track:3mveZ5nEgrccXuBmk0VKmJ,https://api.spotify.com/v1/tracks/3mveZ5nEgrccXuBmk0VKmJ,https://api.spotify.com/v1/audio-analysis/3mveZ5nEgrccXuBmk0VKmJ,316200,4,Desert Moonlight,Louis Hayes
0.476,0.458,0,-11.028,1,0.0275,0.534,3.15e-05,0.0966,0.374,100.99,audio_features,56r7qwEjOZeZCzaN0g4v1S,spotify:track:56r7qwEjOZeZCzaN0g4v1S,https://api.spotify.com/v1/tracks/56r7qwEjOZeZCzaN0g4v1S,https://api.spotify.com/v1/audio-analysis/56r7qwEjOZeZCzaN0g4v1S,347467,4,Crisis,Louis Hayes
0.401,0.504,1,-10.396,1,0.0291,0.38,0.000124,0.125,0.491,103.11,audio_features,3qSUNBKnLfEAs3guB6uAcT,spotify:track:3qSUNBKnLfEAs3guB6uAcT,https://api.spotify.com/v1/tracks/3qSUNBKnLfEAs3guB6uAcT,https://api.spotify.com/v1/audio-analysis/3qSUNBKnLfEAs3guB6uAcT,340520,3,Oxygen,Louis Hayes
0.466,0.352,10,-13.712,0,0.04,0.886,0.923,0.0712,0.325,115.959,audio_features,7oECmTNQ9p1W1l6vbcZ1Nm,spotify:track:7oECmTNQ9p1W1l6vbcZ1Nm,https://api.spotify.com/v1/tracks/7oECmTNQ9p1W1l6vbcZ1Nm,https://api.spotify.com/v1/audio-analysis/7oECmTNQ9p1W1l6vbcZ1Nm,453947,4,El Escorial,Mareike Wiening
0.535,0.409,10,-12.511,0,0.0299,0.954,0.898,0.134,0.144,113.063,audio_features,3oKrplGp1J01zASvRGSiOO,spotify:track:3oKrplGp1J01zASvRGSiOO,https://api.spotify.com/v1/tracks/3oKrplGp1J01zASvRGSiOO,https://api.spotify.com/v1/audio-analysis/3oKrplGp1J01zASvRGSiOO,450387,4,An Idea Is Unpredictable,Mareike Wiening
0.519,0.366,11,-12.168,0,0.0376,0.957,0.392,0.0946,0.343,123.312,audio_features,4CM0PoWdYeead1nHc1lEE3,spotify:track:4CM0PoWdYeead1nHc1lEE3,https://api.spotify.com/v1/tracks/4CM0PoWdYeead1nHc1lEE3,https://api.spotify.com/v1/audio-analysis/4CM0PoWdYeead1nHc1lEE3,352607,3,Teltwo,Sebastian Böhlen Trio
0.336,0.147,8,-16.358,1,0.0331,0.89,0.00138,0.101,0.112,102.935,audio_features,5C3qk8Vl2a5aMSr8lkDrnC,spotify:track:5C3qk8Vl2a5aMSr8lkDrnC,https://api.spotify.com/v1/tracks/5C3qk8Vl2a5aMSr8lkDrnC,https://api.spotify.com/v1/audio-analysis/5C3qk8Vl2a5aMSr8lkDrnC,511504,4,What a Wonderful World,Katrine Madsen
0.332,0.046,8,-19.583,1,0.0328,0.992,0.935,0.103,0.0525,71.073,audio_features,0v33j4s3biwKiq2P9FKksr,spotify:track:0v33j4s3biwKiq2P9FKksr,https://api.spotify.com/v1/tracks/0v33j4s3biwKiq2P9FKksr,https://api.spotify.com/v1/audio-analysis/0v33j4s3biwKiq2P9FKksr,314253,3,Melancholia,Fredrik Nordström
0.517,0.228,10,-16.655,0,0.0373,0.931,0.922,0.108,0.193,115.133,audio_features,0M4VqxRX9IccPfKNWSZXEB,spotify:track:0M4VqxRX9IccPfKNWSZXEB,https://api.spotify.com/v1/tracks/0M4VqxRX9IccPfKNWSZXEB,https://api.spotify.com/v1/audio-analysis/0M4VqxRX9IccPfKNWSZXEB,423520,4,Giving Rise To Doubt,Anthony Wonsey
0.485,0.4,2,-12.814,1,0.0333,0.771,0.729,0.11,0.444,96.725,audio_features,0VlbdAbSC4AJbX1am7L9jZ,spotify:track:0VlbdAbSC4AJbX1am7L9jZ,https://api.spotify.com/v1/tracks/0VlbdAbSC4AJbX1am7L9jZ,https://api.spotify.com/v1/audio-analysis/0VlbdAbSC4AJbX1am7L9jZ,424520,4,I Didn't Know What Time It Was,Anthony Wonsey
0.426,0.155,9,-22.141,0,0.0348,0.924,0.81,0.134,0.19,135.96,audio_features,1nRGAGINbbYLTSHhEvELoO,spotify:track:1nRGAGINbbYLTSHhEvELoO,https://api.spotify.com/v1/tracks/1nRGAGINbbYLTSHhEvELoO,https://api.spotify.com/v1/audio-analysis/1nRGAGINbbYLTSHhEvELoO,312667,4,I Fall In Love Too Easily,Keith Jarrett
0.379,0.357,2,-15.872,1,0.0324,0.668,0.175,0.12,0.398,131.137,audio_features,1MZUSR2RhTFy2g1m0OmC2l,spotify:track:1MZUSR2RhTFy2g1m0OmC2l,https://api.spotify.com/v1/tracks/1MZUSR2RhTFy2g1m0OmC2l,https://api.spotify.com/v1/audio-analysis/1MZUSR2RhTFy2g1m0OmC2l,429621,4,Paris ZYKLUS Gare de l'Est,Rebecca Trescher
0.29,0.276,2,-17.861,1,0.0304,0.691,0.228,0.0923,0.114,92.547,audio_features,3fmxGbk1nKmQeJHQHyTjjM,spotify:track:3fmxGbk1nKmQeJHQHyTjjM,https://api.spotify.com/v1/tracks/3fmxGbk1nKmQeJHQHyTjjM,https://api.spotify.com/v1/audio-analysis/3fmxGbk1nKmQeJHQHyTjjM,522568,4,Paris ZYKLUS Marais,Rebecca Trescher
0.584,0.258,1,-19.375,1,0.0403,0.806,0.88,0.126,0.284,100.056,audio_features,1jfeTu7iQd0vhGSXJ1FEjw,spotify:track:1jfeTu7iQd0vhGSXJ1FEjw,https://api.spotify.com/v1/tracks/1jfeTu7iQd0vhGSXJ1FEjw,https://api.spotify.com/v1/audio-analysis/1jfeTu7iQd0vhGSXJ1FEjw,215200,4,Spring of Life,Daniel García Trio
0.676,0.481,1,-9.531,0,0.0272,0.61,0.882,0.0869,0.314,106.017,audio_features,6FMysTTg1YfzsAKHQ3D28G,spotify:track:6FMysTTg1YfzsAKHQ3D28G,https://api.spotify.com/v1/tracks/6FMysTTg1YfzsAKHQ3D28G,https://api.spotify.com/v1/audio-analysis/6FMysTTg1YfzsAKHQ3D28G,308693,3,Andrà bene,Lorenzo Tucci
0.727,0.353,7,-13.239,1,0.0273,0.741,0.842,0.303,0.242,120.097,audio_features,3vnljcRvXTwcuMx4YHfGcb,spotify:track:3vnljcRvXTwcuMx4YHfGcb,https://api.spotify.com/v1/tracks/3vnljcRvXTwcuMx4YHfGcb,https://api.spotify.com/v1/audio-analysis/3vnljcRvXTwcuMx4YHfGcb,289113,4,Kenzia,Lorenzo Tucci
0.583,0.453,7,-13.482,1,0.0307,0.825,0.941,0.209,0.374,92.787,audio_features,30KQLwDC4C0CAZzzMtLbMu,spotify:track:30KQLwDC4C0CAZzzMtLbMu,https://api.spotify.com/v1/tracks/30KQLwDC4C0CAZzzMtLbMu,https://api.spotify.com/v1/audio-analysis/30KQLwDC4C0CAZzzMtLbMu,294000,3,Pandaguru,Lorenzo Tucci
0.536,0.689,2,-7.488,0,0.108,0.489,0.917,0.109,0.851,131.3,audio_features,6kEJN6HvXRBVhFzLPn0aUm,spotify:track:6kEJN6HvXRBVhFzLPn0aUm,https://api.spotify.com/v1/tracks/6kEJN6HvXRBVhFzLPn0aUm,https://api.spotify.com/v1/audio-analysis/6kEJN6HvXRBVhFzLPn0aUm,183467,4,African Folk Song,Myele Manzanza
0.521,0.261,11,-15.92,1,0.0428,0.899,0.475,0.107,0.195,93.433,audio_features,5DmRYvdLWqFtGfUYN3eT1G,spotify:track:5DmRYvdLWqFtGfUYN3eT1G,https://api.spotify.com/v1/tracks/5DmRYvdLWqFtGfUYN3eT1G,https://api.spotify.com/v1/audio-analysis/5DmRYvdLWqFtGfUYN3eT1G,405933,4,Peepholes,Bryan Murray
0.338,0.505,1,-12.538,1,0.0472,0.967,0.925,0.702,0.0769,92.964,audio_features,1ofiRe7G2H8kvqp8EuAvxp,spotify:track:1ofiRe7G2H8kvqp8EuAvxp,https://api.spotify.com/v1/tracks/1ofiRe7G2H8kvqp8EuAvxp,https://api.spotify.com/v1/audio-analysis/1ofiRe7G2H8kvqp8EuAvxp,593244,3,Joanas Dance,Johannes Mössinger
0.378,0.333,7,-8.503,1,0.0309,0.856,0.88,0.361,0.107,123.817,audio_features,5ejW5BGrs2zEGUdOrcpULJ,spotify:track:5ejW5BGrs2zEGUdOrcpULJ,https://api.spotify.com/v1/tracks/5ejW5BGrs2zEGUdOrcpULJ,https://api.spotify.com/v1/audio-analysis/5ejW5BGrs2zEGUdOrcpULJ,393114,4,Alana Marie,Cory Weeds
0.458,0.488,2,-8.553,0,0.0291,0.644,0.958,0.408,0.443,141.009,audio_features,6xzfeB8CyG468wzC68mHI6,spotify:track:6xzfeB8CyG468wzC68mHI6,https://api.spotify.com/v1/tracks/6xzfeB8CyG468wzC68mHI6,https://api.spotify.com/v1/audio-analysis/6xzfeB8CyG468wzC68mHI6,414889,4,There's A Boat Leavin' Soon For New York,Cory Weeds
0.528,0.142,8,-17.824,1,0.0467,0.953,0.765,0.103,0.168,118.227,audio_features,1LHHMdF08ABc6nnrxpzLVx,spotify:track:1LHHMdF08ABc6nnrxpzLVx,https://api.spotify.com/v1/tracks/1LHHMdF08ABc6nnrxpzLVx,https://api.spotify.com/v1/audio-analysis/1LHHMdF08ABc6nnrxpzLVx,288615,4,If You Could See Me Now,Ben Besiakov
0.578,0.766,0,-6.872,0,0.028,0.0411,0.000362,0.0511,0.47,92.988,audio_features,7Ag7U0bb7vLIrW46Ft3WvO,spotify:track:7Ag7U0bb7vLIrW46Ft3WvO,https://api.spotify.com/v1/tracks/7Ag7U0bb7vLIrW46Ft3WvO,https://api.spotify.com/v1/audio-analysis/7Ag7U0bb7vLIrW46Ft3WvO,287400,4,Love Is On The Way,Dave Koz
0.717,0.659,0,-7.813,1,0.0275,0.0565,2.7e-05,0.0298,0.58,112.863,audio_features,3bEKLydNVwHoxDqIDuxwvP,spotify:track:3bEKLydNVwHoxDqIDuxwvP,https://api.spotify.com/v1/tracks/3bEKLydNVwHoxDqIDuxwvP,https://api.spotify.com/v1/audio-analysis/3bEKLydNVwHoxDqIDuxwvP,282958,4,The Bright Side,Dave Koz
0.377,0.216,8,-14.682,1,0.0422,0.981,0.134,0.967,0.172,152.113,audio_features,6iGYvKBlEhp5K5Ztm9klDx,spotify:track:6iGYvKBlEhp5K5Ztm9klDx,https://api.spotify.com/v1/tracks/6iGYvKBlEhp5K5Ztm9klDx,https://api.spotify.com/v1/audio-analysis/6iGYvKBlEhp5K5Ztm9klDx,262590,3,Nuvole bianche,Paolo Fresu
0.412,0.0565,5,-24.289,1,0.0532,0.945,0.477,0.754,0.142,84.502,audio_features,2PsKoDE3Q8R3kzQBPYMBRp,spotify:track:2PsKoDE3Q8R3kzQBPYMBRp,https://api.spotify.com/v1/tracks/2PsKoDE3Q8R3kzQBPYMBRp,https://api.spotify.com/v1/audio-analysis/2PsKoDE3Q8R3kzQBPYMBRp,601600,4,Old Folks,Brad Mehldau
0.37,0.104,0,-21.112,1,0.0364,0.929,0.908,0.144,0.134,78.729,audio_features,4PqiyUZuSwlssWRQPRkrFh,spotify:track:4PqiyUZuSwlssWRQPRkrFh,https://api.spotify.com/v1/tracks/4PqiyUZuSwlssWRQPRkrFh,https://api.spotify.com/v1/audio-analysis/4PqiyUZuSwlssWRQPRkrFh,600533,3,Prelude to a Kiss,Brad Mehldau
0.453,0.447,11,-11.317,1,0.247,0.838,1.2e-05,0.234,0.792,182.441,audio_features,0CPTX5zbZUJNJjNCgx1PQh,spotify:track:0CPTX5zbZUJNJjNCgx1PQh,https://api.spotify.com/v1/tracks/0CPTX5zbZUJNJjNCgx1PQh,https://api.spotify.com/v1/audio-analysis/0CPTX5zbZUJNJjNCgx1PQh,186000,4,Groovin' High,Charlie Parker
0.715,0.21,8,-13.209,1,0.0431,0.967,0.928,0.106,0.501,116.692,audio_features,3bVs2zPaJJwKEAJqBUOUw5,spotify:track:3bVs2zPaJJwKEAJqBUOUw5,https://api.spotify.com/v1/tracks/3bVs2zPaJJwKEAJqBUOUw5,https://api.spotify.com/v1/audio-analysis/3bVs2zPaJJwKEAJqBUOUw5,200640,4,The Big Head,Coleman Hawkins
0.604,0.437,3,-10.528,1,0.0294,0.924,0.493,0.0879,0.918,90.782,audio_features,2yRJD9dhirurbqUBe4SsiO,spotify:track:2yRJD9dhirurbqUBe4SsiO,https://api.spotify.com/v1/tracks/2yRJD9dhirurbqUBe4SsiO,https://api.spotify.com/v1/audio-analysis/2yRJD9dhirurbqUBe4SsiO,198960,4,Night And Day,Coleman Hawkins Quartet
0.207,0.115,6,-13.296,1,0.0315,0.948,0.395,0.12,0.167,80.4,audio_features,7pBrUEBPHeZEbSp9P1yGwW,spotify:track:7pBrUEBPHeZEbSp9P1yGwW,https://api.spotify.com/v1/tracks/7pBrUEBPHeZEbSp9P1yGwW,https://api.spotify.com/v1/audio-analysis/7pBrUEBPHeZEbSp9P1yGwW,198867,4,(A Flower Is A Lovesome Thing) Passion Flower,Johnny Hodges
0.371,0.258,3,-12.92,1,0.0392,0.988,0.896,0.113,0.253,75.224,audio_features,2eFBbkBSmAYoNZeYuclXVK,spotify:track:2eFBbkBSmAYoNZeYuclXVK,https://api.spotify.com/v1/tracks/2eFBbkBSmAYoNZeYuclXVK,https://api.spotify.com/v1/audio-analysis/2eFBbkBSmAYoNZeYuclXVK,218475,4,As Time Goes By,Atlantic Five Jazz Band
0.592,0.214,5,-14.744,0,0.0359,0.907,0.654,0.0942,0.246,148.035,audio_features,2SR2psecgy5IuXtpiuwHkE,spotify:track:2SR2psecgy5IuXtpiuwHkE,https://api.spotify.com/v1/tracks/2SR2psecgy5IuXtpiuwHkE,https://api.spotify.com/v1/audio-analysis/2SR2psecgy5IuXtpiuwHkE,275200,4,Somewhere Over the Rainbow,New York Bar Quartett
0.636,0.273,7,-13.093,1,0.0278,0.779,0.808,0.12,0.254,99.867,audio_features,4nKe8aZqnO9GfkPd4e2d3w,spotify:track:4nKe8aZqnO9GfkPd4e2d3w,https://api.spotify.com/v1/tracks/4nKe8aZqnO9GfkPd4e2d3w,https://api.spotify.com/v1/audio-analysis/4nKe8aZqnO9GfkPd4e2d3w,251427,4,The Shadow of Your Smile,New York Bar Quartett
0.434,0.263,0,-9.866,1,0.0329,0.871,0.0113,0.134,0.443,94.705,audio_features,23F9wjkcFN3ZNb60YgFbvv,spotify:track:23F9wjkcFN3ZNb60YgFbvv,https://api.spotify.com/v1/tracks/23F9wjkcFN3ZNb60YgFbvv,https://api.spotify.com/v1/audio-analysis/23F9wjkcFN3ZNb60YgFbvv,230867,3,Time After Time,Sonny Stitt
0.42,0.0605,3,-21.717,1,0.0385,0.932,0.191,0.126,0.156,118.578,audio_features,2Oa0QFnmT8FASBWKZ8mMMt,spotify:track:2Oa0QFnmT8FASBWKZ8mMMt,https://api.spotify.com/v1/tracks/2Oa0QFnmT8FASBWKZ8mMMt,https://api.spotify.com/v1/audio-analysis/2Oa0QFnmT8FASBWKZ8mMMt,237773,4,Wonder Why,Kenny Burrell
0.53,0.306,9,-14.707,1,0.0378,0.872,0.877,0.105,0.115,84.222,audio_features,2SGjW2KmPaZHVcmFNnL1eb,spotify:track:2SGjW2KmPaZHVcmFNnL1eb,https://api.spotify.com/v1/tracks/2SGjW2KmPaZHVcmFNnL1eb,https://api.spotify.com/v1/audio-analysis/2SGjW2KmPaZHVcmFNnL1eb,275750,4,East West,Red Gazelle Trio
0.355,0.499,8,-11.083,1,0.0339,0.686,0.202,0.138,0.0928,94.331,audio_features,1V6oHVyR59tP8vhMVoHlSN,spotify:track:1V6oHVyR59tP8vhMVoHlSN,https://api.spotify.com/v1/tracks/1V6oHVyR59tP8vhMVoHlSN,https://api.spotify.com/v1/audio-analysis/1V6oHVyR59tP8vhMVoHlSN,596760,5,George,Baschnagel Group
0.415,0.613,0,-11.733,0,0.0854,0.447,0.304,0.973,0.602,114.004,audio_features,2jEMngdAUvtV3po63jPerj,spotify:track:2jEMngdAUvtV3po63jPerj,https://api.spotify.com/v1/tracks/2jEMngdAUvtV3po63jPerj,https://api.spotify.com/v1/audio-analysis/2jEMngdAUvtV3po63jPerj,655360,4,Blues Minor,Dal Sasso Big Band
0.607,0.595,5,-10.384,0,0.053,0.401,0.103,0.0832,0.603,115.05,audio_features,6EyWeVBVRGlO2xL4GGA2JG,spotify:track:6EyWeVBVRGlO2xL4GGA2JG,https://api.spotify.com/v1/tracks/6EyWeVBVRGlO2xL4GGA2JG,https://api.spotify.com/v1/audio-analysis/6EyWeVBVRGlO2xL4GGA2JG,271565,4,Opinions,Benjamin Deschamps
0.328,0.183,0,-11.359,0,0.0344,0.959,0.794,0.145,0.152,112.742,audio_features,1PwoKvz4l11uxujQ0QdHo6,spotify:track:1PwoKvz4l11uxujQ0QdHo6,https://api.spotify.com/v1/tracks/1PwoKvz4l11uxujQ0QdHo6,https://api.spotify.com/v1/audio-analysis/1PwoKvz4l11uxujQ0QdHo6,336667,4,Tristesse,Christophe Dal Sasso
